wallet,wallet_created,contract,contract_created,setString_calls
0x2eb2ec6026b63158042d27e8004957ec71783287,2025/11/29T01:26:59Z,0x6ef160dac69c68461879c0c3486164af07533d17,2025/11/29T01:32:11Z,1
0x233f7ac7f307d2c781be66da432cb865efa804e0,2025/11/29T06:38:11Z,0x21f9a727e9668a3fc30393a344d8a3a98f4f3b8d,2025/11/29T06:39:23Z,1
0xf1933d62f03f56579e8362402316cbf450d30116,2025/11/29T15:20:11Z,0x97851ae6b1e2970c030dd7d8f70d9832acfb30fd,2025/11/29T15:29:47Z,1
0xecc52192af3952e567c66c9906418c8dc50f4f5d,2025/11/30T19:51:59Z,0x97851ae6b1e2970c030dd7d8f70d9832acfb30fd,2025/11/29T15:29:47Z,1
0x14afddd627fb0e039365554f8bbdb881ecb1c708,2025/12/04T22:45:47Z,0x40a7d723f5df6c88464bc95dbf7d96573fbc4f85,2025/12/04T23:03:35Z,1
0x69a91686482de1df123b91106cbda763da034d4a,2025/12/04T23:57:11Z,0x195ab0a6391e2c499321f67ba36ed8f4bdc9f5f4,2025/12/04T23:58:35Z,3
0xe941a9b283006f5163ee6b01c1f23aa5951c4c8d,2025/12/05T19:10:23Z,0x22f96d61cf118efabc7c5bf3384734fad2f6ead4,2025/12/05T19:13:47Z,9
0x434a2001add7e414da33612c4a8aee745ea22968,2025/12/11T15:33:11Z,0x429929d8fe40d2decf618c4a87721ac2a820ba78,2025/12/11T15:36:23Z,2
0x6c0bdc011f31715c4ff537aa9c6a8a141f8a6119,2025/12/13T13:19:47Z,0x277852e1c349b03c79e348018a8391bd21c412e8,2025/12/13T13:22:23Z,3
0xea4337aa83496f0b91cdcdd8bf2734df9eef1774,2025/12/17T11:32:23Z,0x8a7c8497991dea66910e70979a5961aee347ff50,2025/12/17T11:32:47Z,1
0xf3947eeb5db984e9498da449c13305ed27428bc0,2025/12/20T00:18:35Z,0xf1f3ac96e49f6a71d031444e59268c27b3511914,2025/12/20T00:19:23Z,1
0x4f1dd066b832af641b5f08537a5b0fc0b329d5ec,2025/12/20T06:46:23Z,0x47a397d9d459b05433f0d579e7842442b348ec38,2025/12/20T06:46:59Z,4
0x3372a63ee825d09b4daee979513980f99c731db5,2026/01/03T12:17:59Z,0x1a3f8e013c392d8cf6ca5049ee7f437b383f27e1,2026/01/03T12:18:59Z,5
0x2dbca26addf031ada655861933d0386a39ea6427,2026/01/09T15:08:59Z,0x8b12e09abb2e5130310b24c75b51c8afd85e8223,2026/01/09T15:09:47Z,11
0x285453d4cf33bfdb3e44c207c7534cbd7a23afcd,2026/01/12T10:32:11Z,0x123f12517f1643f0a8897776989f8d440aa76764,2026/01/12T10:33:23Z,3
0x7387d1a6974712093fb46a9c572807be62c565a2,2026/01/19T12:23:35Z,0xe3eda8b518f5d9bc89153f0d29c5ad84c218d8b1,2026/01/19T12:24:11Z,1
0x8d7e3cc5342439ff28c589a902b685ea4d398c12,2026/01/20T16:39:11Z,0xe26c57b7fa8de030238b0a71b3d063397ac127d3,2026/01/20T16:40:11Z,18
0x6b007f4cb132a3a574b53ab6aa3f431e0c2d4a94,2026/01/23T22:08:11Z,0x1cfb457d41b9e5eb6737fde2b590d1f78924aaa8,2026/01/23T22:10:11Z,5
0xcaac38183d1b4ee29ddb8e7965012f26e9cd6610,2026/02/03T23:03:23Z,0xae35eb8fa62b2ccbb88a495ec7fd1e2f2b4a170e,2026/02/03T23:03:47Z,3
0xd9afc5c883f45206c916d8e312c2d9f13766344d,2026/02/04T19:33:59Z,0x61a817da8c6b0b3b2d2d6d0a99d2168311349576,2026/02/04T19:49:47Z,3
0xd9afc5c883f45206c916d8e312c2d9f13766344d,2026/02/04T19:33:59Z,0xa5b51ef13d070026da68618774054eaa1e49aa30,2026/02/04T19:41:11Z,1
0xa001d3863b138ed523f255f62725ab1ddc82af87,2026/03/03T11:24:59Z,0x45729d7424d7310a0c041a2906ba95a4bd5ebfca,2026/03/03T12:26:35Z,8
0xbfafba01a34aa6d53adcd1eac5ff5a7ee38a40ad,2026/03/06T07:51:35Z,0x3f35e6fbe1098f0685137ab81189e891939825af,2026/03/06T08:08:47Z,12
0xabdfd61c20d2f4e972a4f89c27138789c1829085,2026/03/18T22:25:11Z,0xb6083fa2323a15358037b64325a7ead4f92fa081,2026/03/18T22:28:23Z,1
0x95c1f98be0cbb581e31c57c3f17d2853b4a445a7,2026/03/23T19:42:47Z,0x9268cc33d59415b033dc5d709ce30bbe09708fe3,2026/03/25T13:59:35Z,35
0x37ef6e88425613564b2cf8adc496acff4b6481a9,2026/03/30T11:59:47Z,0xc12c8d8f9706244eca0acf04e880f10ff4e52522,2026/03/31T09:36:47Z,21
